iteration,score,best_score,elapsed_sec,params_json
1,-0.32988764104308127,-0.32988764104308127,746.0654,"{""activation"": ""relu"", ""batch_size"": 8, ""data_augmentation"": true, ""dr_f"": 0.374037152651, ""learning_rate"": 0.000638792636, ""new_fc_1"": 21, ""new_fc_10"": 24, ""new_fc_2"": 1, ""new_fc_3"": 23, ""new_fc_4"": 29, ""new_fc_5"": 1, ""new_fc_6"": 20, ""new_fc_7"": 32, ""new_fc_8"": 11, ""new_fc_9"": 21, ""num_neurons"": 8, ""optimizer"": ""Adam"", ""reg_l2"": true, ""skip_connection"": true, ""unit_c1"": 1, ""unit_c2"": 7}"
2,-0.2991105685841255,-0.32988764104308127,1130.7503,"{""activation"": ""swish"", ""batch_size"": 16, ""data_augmentation"": false, ""dr_f"": 0.095562114506, ""learning_rate"": 0.000362930184, ""new_fc_1"": 2, ""new_fc_10"": 25, ""new_fc_2"": 6, ""new_fc_3"": 20, ""new_fc_4"": 8, ""new_fc_5"": 17, ""new_fc_6"": 3, ""new_fc_7"": 24, ""new_fc_8"": 13, ""new_fc_9"": 8, ""num_neurons"": 8, ""optimizer"": ""SGD"", ""reg_l2"": true, ""skip_connection"": true, ""unit_c1"": 3, ""unit_c2"": 7}"
3,-0.3535572490430813,-0.3535572490430813,1515.4577,"{""activation"": ""swish"", ""batch_size"": 16, ""data_augmentation"": false, ""dr_f"": 0.236871672058, ""learning_rate"": 0.000209834411, ""new_fc_1"": 5, ""new_fc_10"": 7, ""new_fc_2"": 3, ""new_fc_3"": 28, ""new_fc_4"": 17, ""new_fc_5"": 25, ""new_fc_6"": 9, ""new_fc_7"": 13, ""new_fc_8"": 30, ""new_fc_9"": 14, ""num_neurons"": 4, ""optimizer"": ""Adam"", ""reg_l2"": true, ""skip_connection"": false, ""unit_c1"": 4, ""unit_c2"": 4}"
4,-0.4586185590879135,-0.4586185590879135,2199.2852,"{""activation"": ""selu"", ""batch_size"": 32, ""data_augmentation"": true, ""dr_f"": 0.481750851444, ""learning_rate"": 0.000860080464, ""new_fc_1"": 28, ""new_fc_10"": 23, ""new_fc_2"": 14, ""new_fc_3"": 0, ""new_fc_4"": 24, ""new_fc_5"": 6, ""new_fc_6"": 8, ""new_fc_7"": 23, ""new_fc_8"": 0, ""new_fc_9"": 7, ""num_neurons"": 16, ""optimizer"": ""SGD"", ""reg_l2"": true, ""skip_connection"": false, ""unit_c1"": 4, ""unit_c2"": 1}"
5,-0.4520647052683868,-0.4586185590879135,2763.0145,"{""activation"": ""selu"", ""batch_size"": 32, ""data_augmentation"": true, ""dr_f"": 0.364330717792, ""learning_rate"": 0.000811157986, ""new_fc_1"": 32, ""new_fc_10"": 4, ""new_fc_2"": 22, ""new_fc_3"": 23, ""new_fc_4"": 21, ""new_fc_5"": 26, ""new_fc_6"": 0, ""new_fc_7"": 13, ""new_fc_8"": 2, ""new_fc_9"": 0, ""num_neurons"": 4, ""optimizer"": ""Adadelta"", ""reg_l2"": true, ""skip_connection"": false, ""unit_c1"": 3, ""unit_c2"": 1}"
6,-0.1371041050430813,-0.4586185590879135,3327.4872,"{""activation"": ""relu"", ""batch_size"": 16, ""data_augmentation"": false, ""dr_f"": 0.262083930291, ""learning_rate"": 0.000570459546, ""new_fc_1"": 31, ""new_fc_10"": 21, ""new_fc_2"": 3, ""new_fc_3"": 29, ""new_fc_4"": 22, ""new_fc_5"": 14, ""new_fc_6"": 28, ""new_fc_7"": 12, ""new_fc_8"": 31, ""new_fc_9"": 6, ""num_neurons"": 16, ""optimizer"": ""Adam"", ""reg_l2"": true, ""skip_connection"": false, ""unit_c1"": 3, ""unit_c2"": 6}"
7,10000000000.0,-0.4586185590879135,3329.4704,"{""activation"": ""elu"", ""batch_size"": 16, ""data_augmentation"": true, ""dr_f"": 0.168947832344, ""learning_rate"": 0.000194944834, ""new_fc_1"": 24, ""new_fc_10"": 8, ""new_fc_2"": 32, ""new_fc_3"": 0, ""new_fc_4"": 26, ""new_fc_5"": 12, ""new_fc_6"": 2, ""new_fc_7"": 5, ""new_fc_8"": 7, ""new_fc_9"": 26, ""num_neurons"": 64, ""optimizer"": ""Adamax"", ""reg_l2"": false, ""skip_connection"": false, ""unit_c1"": 2, ""unit_c2"": 5}"
8,-0.7100082883229217,-0.7100082883229217,4373.7426,"{""activation"": ""selu"", ""batch_size"": 8, ""data_augmentation"": false, ""dr_f"": 0.156623796885, ""learning_rate"": 0.00031971297, ""new_fc_1"": 11, ""new_fc_10"": 32, ""new_fc_2"": 1, ""new_fc_3"": 2, ""new_fc_4"": 16, ""new_fc_5"": 1, ""new_fc_6"": 1, ""new_fc_7"": 27, ""new_fc_8"": 22, ""new_fc_9"": 31, ""num_neurons"": 16, ""optimizer"": ""Adamax"", ""reg_l2"": false, ""skip_connection"": false, ""unit_c1"": 1, ""unit_c2"": 3}"
9,-0.24046199336852261,-0.7100082883229217,5177.7161,"{""activation"": ""relu"", ""batch_size"": 32, ""data_augmentation"": false, ""dr_f"": 0.279539254159, ""learning_rate"": 0.000503004848, ""new_fc_1"": 4, ""new_fc_10"": 28, ""new_fc_2"": 5, ""new_fc_3"": 21, ""new_fc_4"": 10, ""new_fc_5"": 15, ""new_fc_6"": 32, ""new_fc_7"": 8, ""new_fc_8"": 5, ""new_fc_9"": 15, ""num_neurons"": 32, ""optimizer"": ""SGD"", ""reg_l2"": false, ""skip_connection"": true, ""unit_c1"": 2, ""unit_c2"": 2}"
10,10000000000.0,-0.7100082883229217,5178.8724,"{""activation"": ""relu"", ""batch_size"": 64, ""data_augmentation"": true, ""dr_f"": 0.133513292356, ""learning_rate"": 0.000740034579, ""new_fc_1"": 0, ""new_fc_10"": 25, ""new_fc_2"": 10, ""new_fc_3"": 27, ""new_fc_4"": 24, ""new_fc_5"": 22, ""new_fc_6"": 30, ""new_fc_7"": 29, ""new_fc_8"": 6, ""new_fc_9"": 15, ""num_neurons"": 64, ""optimizer"": ""Adamax"", ""reg_l2"": false, ""skip_connection"": true, ""unit_c1"": 4, ""unit_c2"": 3}"
11,-0.4385069242057037,-0.7100082883229217,7246.5695,"{""activation"": ""selu"", ""batch_size"": 8, ""data_augmentation"": false, ""dr_f"": 0.397221272201, ""learning_rate"": 0.000620468559, ""new_fc_1"": 23, ""new_fc_10"": 31, ""new_fc_2"": 30, ""new_fc_3"": 25, ""new_fc_4"": 4, ""new_fc_5"": 19, ""new_fc_6"": 10, ""new_fc_7"": 32, ""new_fc_8"": 26, ""new_fc_9"": 14, ""num_neurons"": 4, ""optimizer"": ""Adadelta"", ""reg_l2"": true, ""skip_connection"": false, ""unit_c1"": 2, ""unit_c2"": 1}"
12,10000000000.0,-0.7100082883229217,7250.4485,"{""activation"": ""selu"", ""batch_size"": 8, ""data_augmentation"": false, ""dr_f"": 0.258610366702, ""learning_rate"": 0.000554439524, ""new_fc_1"": 18, ""new_fc_10"": 18, ""new_fc_2"": 25, ""new_fc_3"": 9, ""new_fc_4"": 13, ""new_fc_5"": 18, ""new_fc_6"": 29, ""new_fc_7"": 4, ""new_fc_8"": 30, ""new_fc_9"": 6, ""num_neurons"": 32, ""optimizer"": ""Adadelta"", ""reg_l2"": true, ""skip_connection"": true, ""unit_c1"": 3, ""unit_c2"": 3}"
13,-0.36060085202794645,-0.7100082883229217,7998.1504,"{""activation"": ""elu"", ""batch_size"": 32, ""data_augmentation"": false, ""dr_f"": 0.406923082361, ""learning_rate"": 0.000777967408, ""new_fc_1"": 15, ""new_fc_10"": 19, ""new_fc_2"": 9, ""new_fc_3"": 13, ""new_fc_4"": 23, ""new_fc_5"": 17, ""new_fc_6"": 15, ""new_fc_7"": 24, ""new_fc_8"": 7, ""new_fc_9"": 23, ""num_neurons"": 16, ""optimizer"": ""SGD"", ""reg_l2"": true, ""skip_connection"": false, ""unit_c1"": 4, ""unit_c2"": 2}"
14,-0.4045953008957901,-0.7100082883229217,8325.2344,"{""activation"": ""selu"", ""batch_size"": 32, ""data_augmentation"": false, ""dr_f"": 0.499600296386, ""learning_rate"": 0.00077395527, ""new_fc_1"": 32, ""new_fc_10"": 16, ""new_fc_2"": 3, ""new_fc_3"": 6, ""new_fc_4"": 17, ""new_fc_5"": 3, ""new_fc_6"": 10, ""new_fc_7"": 19, ""new_fc_8"": 10, ""new_fc_9"": 14, ""num_neurons"": 16, ""optimizer"": ""SGD"", ""reg_l2"": false, ""skip_connection"": false, ""unit_c1"": 1, ""unit_c2"": 2}"
15,-0.3731026329512901,-0.7100082883229217,8532.4426,"{""activation"": ""relu"", ""batch_size"": 32, ""data_augmentation"": false, ""dr_f"": 0.365508301326, ""learning_rate"": 0.000936717807, ""new_fc_1"": 8, ""new_fc_10"": 16, ""new_fc_2"": 2, ""new_fc_3"": 6, ""new_fc_4"": 14, ""new_fc_5"": 29, ""new_fc_6"": 8, ""new_fc_7"": 26, ""new_fc_8"": 17, ""new_fc_9"": 30, ""num_neurons"": 8, ""optimizer"": ""SGD"", ""reg_l2"": true, ""skip_connection"": false, ""unit_c1"": 2, ""unit_c2"": 1}"
16,-0.5469948829932098,-0.7100082883229217,9640.2873,"{""activation"": ""selu"", ""batch_size"": 16, ""data_augmentation"": false, ""dr_f"": 0.394006017024, ""learning_rate"": 0.000287607921, ""new_fc_1"": 16, ""new_fc_10"": 7, ""new_fc_2"": 25, ""new_fc_3"": 25, ""new_fc_4"": 11, ""new_fc_5"": 17, ""new_fc_6"": 8, ""new_fc_7"": 2, ""new_fc_8"": 9, ""new_fc_9"": 1, ""num_neurons"": 16, ""optimizer"": ""SGD"", ""reg_l2"": true, ""skip_connection"": false, ""unit_c1"": 1, ""unit_c2"": 4}"
17,-0.357106441527071,-0.7100082883229217,9847.7547,"{""activation"": ""swish"", ""batch_size"": 32, ""data_augmentation"": true, ""dr_f"": 0.28919837137, ""learning_rate"": 0.000600147489, ""new_fc_1"": 18, ""new_fc_10"": 26, ""new_fc_2"": 9, ""new_fc_3"": 10, ""new_fc_4"": 6, ""new_fc_5"": 12, ""new_fc_6"": 1, ""new_fc_7"": 29, ""new_fc_8"": 21, ""new_fc_9"": 0, ""num_neurons"": 4, ""optimizer"": ""Adadelta"", ""reg_l2"": true, ""skip_connection"": false, ""unit_c1"": 2, ""unit_c2"": 6}"
18,-0.5988366909598313,-0.7100082883229217,10595.1586,"{""activation"": ""elu"", ""batch_size"": 16, ""data_augmentation"": false, ""dr_f"": 0.486627652647, ""learning_rate"": 0.000732935794, ""new_fc_1"": 29, ""new_fc_10"": 19, ""new_fc_2"": 26, ""new_fc_3"": 16, ""new_fc_4"": 29, ""new_fc_5"": 17, ""new_fc_6"": 2, ""new_fc_7"": 27, ""new_fc_8"": 29, ""new_fc_9"": 20, ""num_neurons"": 4, ""optimizer"": ""Adam"", ""reg_l2"": false, ""skip_connection"": false, ""unit_c1"": 4, ""unit_c2"": 5}"
19,-0.3614095690430813,-0.7100082883229217,10802.9967,"{""activation"": ""swish"", ""batch_size"": 32, ""data_augmentation"": false, ""dr_f"": 0.372056170007, ""learning_rate"": 0.000391529857, ""new_fc_1"": 11, ""new_fc_10"": 30, ""new_fc_2"": 19, ""new_fc_3"": 5, ""new_fc_4"": 19, ""new_fc_5"": 13, ""new_fc_6"": 0, ""new_fc_7"": 19, ""new_fc_8"": 21, ""new_fc_9"": 30, ""num_neurons"": 4, ""optimizer"": ""SGD"", ""reg_l2"": true, ""skip_connection"": false, ""unit_c1"": 3, ""unit_c2"": 2}"
20,-0.36031526504308126,-0.7100082883229217,11130.7683,"{""activation"": ""swish"", ""batch_size"": 16, ""data_augmentation"": false, ""dr_f"": 0.486305630181, ""learning_rate"": 0.000171185943, ""new_fc_1"": 2, ""new_fc_10"": 6, ""new_fc_2"": 3, ""new_fc_3"": 23, ""new_fc_4"": 29, ""new_fc_5"": 31, ""new_fc_6"": 19, ""new_fc_7"": 12, ""new_fc_8"": 3, ""new_fc_9"": 27, ""num_neurons"": 4, ""optimizer"": ""SGD"", ""reg_l2"": false, ""skip_connection"": false, ""unit_c1"": 1, ""unit_c2"": 7}"
21,-0.3004586650430813,-0.7100082883229217,11818.2814,"{""activation"": ""relu"", ""batch_size"": 8, ""data_augmentation"": false, ""dr_f"": 0.190648492217, ""learning_rate"": 0.000876251333, ""new_fc_1"": 27, ""new_fc_10"": 19, ""new_fc_2"": 12, ""new_fc_3"": 18, ""new_fc_4"": 2, ""new_fc_5"": 26, ""new_fc_6"": 16, ""new_fc_7"": 28, ""new_fc_8"": 32, ""new_fc_9"": 27, ""num_neurons"": 16, ""optimizer"": ""SGD"", ""reg_l2"": true, ""skip_connection"": false, ""unit_c1"": 1, ""unit_c2"": 4}"
22,-0.7554759100857695,-0.7554759100857695,12206.3735,"{""activation"": ""swish"", ""batch_size"": 32, ""data_augmentation"": false, ""dr_f"": 0.226109316849, ""learning_rate"": 0.000745922595, ""new_fc_1"": 20, ""new_fc_10"": 23, ""new_fc_2"": 32, ""new_fc_3"": 32, ""new_fc_4"": 27, ""new_fc_5"": 0, ""new_fc_6"": 11, ""new_fc_7"": 32, ""new_fc_8"": 4, ""new_fc_9"": 1, ""num_neurons"": 4, ""optimizer"": ""Adam"", ""reg_l2"": false, ""skip_connection"": false, ""unit_c1"": 2, ""unit_c2"": 4}"
23,-0.3498504010430813,-0.7554759100857695,12533.9028,"{""activation"": ""elu"", ""batch_size"": 16, ""data_augmentation"": false, ""dr_f"": 0.416228490076, ""learning_rate"": 0.00071178768, ""new_fc_1"": 8, ""new_fc_10"": 24, ""new_fc_2"": 3, ""new_fc_3"": 24, ""new_fc_4"": 30, ""new_fc_5"": 31, ""new_fc_6"": 1, ""new_fc_7"": 1, ""new_fc_8"": 13, ""new_fc_9"": 14, ""num_neurons"": 4, ""optimizer"": ""Adam"", ""reg_l2"": true, ""skip_connection"": false, ""unit_c1"": 3, ""unit_c2"": 8}"
24,-0.3562597050430813,-0.7554759100857695,12741.1887,"{""activation"": ""relu"", ""batch_size"": 32, ""data_augmentation"": false, ""dr_f"": 0.494249244084, ""learning_rate"": 0.000848388024, ""new_fc_1"": 14, ""new_fc_10"": 22, ""new_fc_2"": 26, ""new_fc_3"": 9, ""new_fc_4"": 24, ""new_fc_5"": 10, ""new_fc_6"": 7, ""new_fc_7"": 20, ""new_fc_8"": 7, ""new_fc_9"": 23, ""num_neurons"": 4, ""optimizer"": ""Adam"", ""reg_l2"": true, ""skip_connection"": true, ""unit_c1"": 4, ""unit_c2"": 2}"
25,-0.36560529704308126,-0.7554759100857695,12888.6425,"{""activation"": ""swish"", ""batch_size"": 64, ""data_augmentation"": false, ""dr_f"": 0.131220849764, ""learning_rate"": 0.000764889409, ""new_fc_1"": 12, ""new_fc_10"": 21, ""new_fc_2"": 0, ""new_fc_3"": 12, ""new_fc_4"": 3, ""new_fc_5"": 30, ""new_fc_6"": 7, ""new_fc_7"": 26, ""new_fc_8"": 7, ""new_fc_9"": 23, ""num_neurons"": 4, ""optimizer"": ""Adagrad"", ""reg_l2"": true, ""skip_connection"": false, ""unit_c1"": 1, ""unit_c2"": 4}"
26,-0.4262771907149238,-0.7554759100857695,268.7541,"{""activation"": ""elu"", ""batch_size"": 32, ""data_augmentation"": false, ""dr_f"": 0.22382943842, ""learning_rate"": 0.000276180046, ""new_fc_1"": 27, ""new_fc_10"": 2, ""new_fc_2"": 1, ""new_fc_3"": 24, ""new_fc_4"": 5, ""new_fc_5"": 10, ""new_fc_6"": 5, ""new_fc_7"": 10, ""new_fc_8"": 13, ""new_fc_9"": 1, ""num_neurons"": 8, ""optimizer"": ""Adam"", ""reg_l2"": true, ""skip_connection"": false, ""unit_c1"": 1, ""unit_c2"": 5}"
27,-0.6881505938583373,-0.7554759100857695,2156.2295,"{""activation"": ""selu"", ""batch_size"": 8, ""data_augmentation"": false, ""dr_f"": 0.335137526384, ""learning_rate"": 0.000247191118, ""new_fc_1"": 18, ""new_fc_10"": 27, ""new_fc_2"": 5, ""new_fc_3"": 10, ""new_fc_4"": 11, ""new_fc_5"": 12, ""new_fc_6"": 11, ""new_fc_7"": 20, ""new_fc_8"": 9, ""new_fc_9"": 19, ""num_neurons"": 4, ""optimizer"": ""Adam"", ""reg_l2"": false, ""skip_connection"": false, ""unit_c1"": 1, ""unit_c2"": 1}"
28,-0.3479402490430813,-0.7554759100857695,2483.5925,"{""activation"": ""swish"", ""batch_size"": 16, ""data_augmentation"": false, ""dr_f"": 0.405975112835, ""learning_rate"": 0.000850829953, ""new_fc_1"": 22, ""new_fc_10"": 14, ""new_fc_2"": 0, ""new_fc_3"": 18, ""new_fc_4"": 2, ""new_fc_5"": 1, ""new_fc_6"": 16, ""new_fc_7"": 27, ""new_fc_8"": 17, ""new_fc_9"": 32, ""num_neurons"": 8, ""optimizer"": ""SGD"", ""reg_l2"": true, ""skip_connection"": false, ""unit_c1"": 2, ""unit_c2"": 3}"
29,-0.20789735304308127,-0.7554759100857695,2691.1857,"{""activation"": ""swish"", ""batch_size"": 32, ""data_augmentation"": false, ""dr_f"": 0.35386493705, ""learning_rate"": 0.000268192641, ""new_fc_1"": 11, ""new_fc_10"": 27, ""new_fc_2"": 24, ""new_fc_3"": 17, ""new_fc_4"": 18, ""new_fc_5"": 2, ""new_fc_6"": 4, ""new_fc_7"": 26, ""new_fc_8"": 20, ""new_fc_9"": 15, ""num_neurons"": 16, ""optimizer"": ""Adagrad"", ""reg_l2"": true, ""skip_connection"": false, ""unit_c1"": 2, ""unit_c2"": 6}"
30,-0.42696567008073044,-0.7554759100857695,2958.2062,"{""activation"": ""elu"", ""batch_size"": 32, ""data_augmentation"": false, ""dr_f"": 0.462609913231, ""learning_rate"": 0.000484429533, ""new_fc_1"": 26, ""new_fc_10"": 1, ""new_fc_2"": 20, ""new_fc_3"": 22, ""new_fc_4"": 6, ""new_fc_5"": 18, ""new_fc_6"": 8, ""new_fc_7"": 11, ""new_fc_8"": 29, ""new_fc_9"": 6, ""num_neurons"": 8, ""optimizer"": ""SGD"", ""reg_l2"": true, ""skip_connection"": true, ""unit_c1"": 1, ""unit_c2"": 2}"
31,-0.37896013791092487,-0.7554759100857695,3165.5766,"{""activation"": ""relu"", ""batch_size"": 32, ""data_augmentation"": true, ""dr_f"": 0.258216021803, ""learning_rate"": 0.000268340647, ""new_fc_1"": 14, ""new_fc_10"": 14, ""new_fc_2"": 14, ""new_fc_3"": 5, ""new_fc_4"": 11, ""new_fc_5"": 18, ""new_fc_6"": 4, ""new_fc_7"": 26, ""new_fc_8"": 9, ""new_fc_9"": 13, ""num_neurons"": 4, ""optimizer"": ""SGD"", ""reg_l2"": true, ""skip_connection"": false, ""unit_c1"": 1, ""unit_c2"": 5}"
32,-0.7473316726225432,-0.7554759100857695,3612.7889,"{""activation"": ""elu"", ""batch_size"": 32, ""data_augmentation"": false, ""dr_f"": 0.444133174556, ""learning_rate"": 0.000519158675, ""new_fc_1"": 26, ""new_fc_10"": 25, ""new_fc_2"": 2, ""new_fc_3"": 8, ""new_fc_4"": 27, ""new_fc_5"": 20, ""new_fc_6"": 27, ""new_fc_7"": 23, ""new_fc_8"": 17, ""new_fc_9"": 8, ""num_neurons"": 8, ""optimizer"": ""Adam"", ""reg_l2"": false, ""skip_connection"": true, ""unit_c1"": 2, ""unit_c2"": 4}"
33,-0.4336946446730041,-0.7554759100857695,3879.6998,"{""activation"": ""elu"", ""batch_size"": 32, ""data_augmentation"": false, ""dr_f"": 0.339778383438, ""learning_rate"": 0.000347520548, ""new_fc_1"": 21, ""new_fc_10"": 20, ""new_fc_2"": 17, ""new_fc_3"": 25, ""new_fc_4"": 29, ""new_fc_5"": 12, ""new_fc_6"": 3, ""new_fc_7"": 26, ""new_fc_8"": 9, ""new_fc_9"": 27, ""num_neurons"": 4, ""optimizer"": ""SGD"", ""reg_l2"": true, ""skip_connection"": false, ""unit_c1"": 1, ""unit_c2"": 7}"
34,-0.3403550490430813,-0.7554759100857695,4087.2674,"{""activation"": ""relu"", ""batch_size"": 32, ""data_augmentation"": false, ""dr_f"": 0.437170208243, ""learning_rate"": 0.00053605467, ""new_fc_1"": 13, ""new_fc_10"": 32, ""new_fc_2"": 22, ""new_fc_3"": 21, ""new_fc_4"": 10, ""new_fc_5"": 1, ""new_fc_6"": 9, ""new_fc_7"": 4, ""new_fc_8"": 29, ""new_fc_9"": 20, ""num_neurons"": 16, ""optimizer"": ""Adagrad"", ""reg_l2"": true, ""skip_connection"": false, ""unit_c1"": 1, ""unit_c2"": 2}"
35,-0.34905072104308127,-0.7554759100857695,4294.405,"{""activation"": ""relu"", ""batch_size"": 32, ""data_augmentation"": false, ""dr_f"": 0.062283794133, ""learning_rate"": 0.000835407707, ""new_fc_1"": 24, ""new_fc_10"": 11, ""new_fc_2"": 19, ""new_fc_3"": 24, ""new_fc_4"": 20, ""new_fc_5"": 12, ""new_fc_6"": 12, ""new_fc_7"": 29, ""new_fc_8"": 12, ""new_fc_9"": 6, ""num_neurons"": 4, ""optimizer"": ""Adam"", ""reg_l2"": true, ""skip_connection"": false, ""unit_c1"": 4, ""unit_c2"": 6}"
36,-0.3130446970430813,-0.7554759100857695,4622.0501,"{""activation"": ""swish"", ""batch_size"": 16, ""data_augmentation"": true, ""dr_f"": 0.2027017088, ""learning_rate"": 0.000167476007, ""new_fc_1"": 5, ""new_fc_10"": 22, ""new_fc_2"": 2, ""new_fc_3"": 6, ""new_fc_4"": 9, ""new_fc_5"": 30, ""new_fc_6"": 3, ""new_fc_7"": 5, ""new_fc_8"": 17, ""new_fc_9"": 6, ""num_neurons"": 8, ""optimizer"": ""Adam"", ""reg_l2"": true, ""skip_connection"": false, ""unit_c1"": 3, ""unit_c2"": 6}"
37,-0.3204556410430813,-0.7554759100857695,5249.9182,"{""activation"": ""swish"", ""batch_size"": 8, ""data_augmentation"": false, ""dr_f"": 0.405160072445, ""learning_rate"": 0.000235452941, ""new_fc_1"": 22, ""new_fc_10"": 25, ""new_fc_2"": 5, ""new_fc_3"": 4, ""new_fc_4"": 22, ""new_fc_5"": 6, ""new_fc_6"": 4, ""new_fc_7"": 32, ""new_fc_8"": 25, ""new_fc_9"": 20, ""num_neurons"": 8, ""optimizer"": ""SGD"", ""reg_l2"": false, ""skip_connection"": false, ""unit_c1"": 1, ""unit_c2"": 8}"
38,-0.41522193558859255,-0.7554759100857695,7437.381,"{""activation"": ""elu"", ""batch_size"": 8, ""data_augmentation"": false, ""dr_f"": 0.229379474153, ""learning_rate"": 0.000832982549, ""new_fc_1"": 17, ""new_fc_10"": 9, ""new_fc_2"": 18, ""new_fc_3"": 11, ""new_fc_4"": 10, ""new_fc_5"": 31, ""new_fc_6"": 5, ""new_fc_7"": 27, ""new_fc_8"": 25, ""new_fc_9"": 7, ""num_neurons"": 8, ""optimizer"": ""Adam"", ""reg_l2"": true, ""skip_connection"": true, ""unit_c1"": 3, ""unit_c2"": 8}"
39,-0.4686332112602386,-0.7554759100857695,8304.6046,"{""activation"": ""relu"", ""batch_size"": 8, ""data_augmentation"": false, ""dr_f"": 0.355266862789, ""learning_rate"": 0.000514684616, ""new_fc_1"": 16, ""new_fc_10"": 28, ""new_fc_2"": 2, ""new_fc_3"": 5, ""new_fc_4"": 22, ""new_fc_5"": 14, ""new_fc_6"": 7, ""new_fc_7"": 31, ""new_fc_8"": 10, ""new_fc_9"": 2, ""num_neurons"": 4, ""optimizer"": ""Adam"", ""reg_l2"": false, ""skip_connection"": true, ""unit_c1"": 1, ""unit_c2"": 5}"
40,-0.26821060104308125,-0.7554759100857695,8692.6299,"{""activation"": ""swish"", ""batch_size"": 16, ""data_augmentation"": false, ""dr_f"": 0.471853456545, ""learning_rate"": 0.000855503035, ""new_fc_1"": 2, ""new_fc_10"": 11, ""new_fc_2"": 12, ""new_fc_3"": 27, ""new_fc_4"": 27, ""new_fc_5"": 23, ""new_fc_6"": 12, ""new_fc_7"": 23, ""new_fc_8"": 4, ""new_fc_9"": 16, ""num_neurons"": 16, ""optimizer"": ""SGD"", ""reg_l2"": true, ""skip_connection"": false, ""unit_c1"": 2, ""unit_c2"": 4}"
41,-0.28283763567747117,-0.7554759100857695,8959.6289,"{""activation"": ""relu"", ""batch_size"": 32, ""data_augmentation"": false, ""dr_f"": 0.244319185919, ""learning_rate"": 0.000393359092, ""new_fc_1"": 6, ""new_fc_10"": 1, ""new_fc_2"": 0, ""new_fc_3"": 31, ""new_fc_4"": 21, ""new_fc_5"": 2, ""new_fc_6"": 3, ""new_fc_7"": 16, ""new_fc_8"": 22, ""new_fc_9"": 28, ""num_neurons"": 16, ""optimizer"": ""SGD"", ""reg_l2"": true, ""skip_connection"": false, ""unit_c1"": 1, ""unit_c2"": 6}"
42,-0.5098046286730041,-0.7554759100857695,10067.1312,"{""activation"": ""swish"", ""batch_size"": 16, ""data_augmentation"": false, ""dr_f"": 0.47877364965, ""learning_rate"": 0.000213203253, ""new_fc_1"": 18, ""new_fc_10"": 1, ""new_fc_2"": 9, ""new_fc_3"": 30, ""new_fc_4"": 2, ""new_fc_5"": 1, ""new_fc_6"": 17, ""new_fc_7"": 13, ""new_fc_8"": 1, ""new_fc_9"": 23, ""num_neurons"": 4, ""optimizer"": ""Adam"", ""reg_l2"": false, ""skip_connection"": true, ""unit_c1"": 4, ""unit_c2"": 6}"
43,-0.12676352904308125,-0.7554759100857695,10274.3989,"{""activation"": ""relu"", ""batch_size"": 32, ""data_augmentation"": false, ""dr_f"": 0.426476504209, ""learning_rate"": 0.00037828271, ""new_fc_1"": 20, ""new_fc_10"": 20, ""new_fc_2"": 13, ""new_fc_3"": 29, ""new_fc_4"": 16, ""new_fc_5"": 32, ""new_fc_6"": 10, ""new_fc_7"": 7, ""new_fc_8"": 3, ""new_fc_9"": 10, ""num_neurons"": 16, ""optimizer"": ""Adam"", ""reg_l2"": true, ""skip_connection"": false, ""unit_c1"": 2, ""unit_c2"": 8}"
44,-0.44537299704599376,-0.7554759100857695,10662.2606,"{""activation"": ""elu"", ""batch_size"": 32, ""data_augmentation"": false, ""dr_f"": 0.37533014792, ""learning_rate"": 0.000878828169, ""new_fc_1"": 16, ""new_fc_10"": 12, ""new_fc_2"": 27, ""new_fc_3"": 23, ""new_fc_4"": 27, ""new_fc_5"": 13, ""new_fc_6"": 5, ""new_fc_7"": 20, ""new_fc_8"": 27, ""new_fc_9"": 8, ""num_neurons"": 4, ""optimizer"": ""Adam"", ""reg_l2"": true, ""skip_connection"": false, ""unit_c1"": 1, ""unit_c2"": 5}"
45,-0.6768801554263458,-0.7554759100857695,11049.335,"{""activation"": ""elu"", ""batch_size"": 32, ""data_augmentation"": false, ""dr_f"": 0.334088854756, ""learning_rate"": 0.000119305821, ""new_fc_1"": 7, ""new_fc_10"": 29, ""new_fc_2"": 10, ""new_fc_3"": 29, ""new_fc_4"": 21, ""new_fc_5"": 2, ""new_fc_6"": 5, ""new_fc_7"": 19, ""new_fc_8"": 12, ""new_fc_9"": 28, ""num_neurons"": 16, ""optimizer"": ""Adam"", ""reg_l2"": false, ""skip_connection"": false, ""unit_c1"": 1, ""unit_c2"": 4}"
46,-0.4862457570626831,-0.7554759100857695,11376.3132,"{""activation"": ""relu"", ""batch_size"": 32, ""data_augmentation"": false, ""dr_f"": 0.194343298253, ""learning_rate"": 0.000584242078, ""new_fc_1"": 1, ""new_fc_10"": 8, ""new_fc_2"": 9, ""new_fc_3"": 29, ""new_fc_4"": 1, ""new_fc_5"": 2, ""new_fc_6"": 11, ""new_fc_7"": 0, ""new_fc_8"": 0, ""new_fc_9"": 28, ""num_neurons"": 4, ""optimizer"": ""Adam"", ""reg_l2"": false, ""skip_connection"": true, ""unit_c1"": 2, ""unit_c2"": 3}"
47,-0.3462836250430813,-0.7554759100857695,329.3275,"{""activation"": ""relu"", ""batch_size"": 16, ""data_augmentation"": false, ""dr_f"": 0.233754746663, ""learning_rate"": 0.000769638379, ""new_fc_1"": 0, ""new_fc_10"": 11, ""new_fc_2"": 31, ""new_fc_3"": 24, ""new_fc_4"": 0, ""new_fc_5"": 15, ""new_fc_6"": 4, ""new_fc_7"": 21, ""new_fc_8"": 28, ""new_fc_9"": 2, ""num_neurons"": 4, ""optimizer"": ""Adam"", ""reg_l2"": true, ""skip_connection"": false, ""unit_c1"": 4, ""unit_c2"": 7}"
48,-0.3494207290430813,-0.7554759100857695,717.2314,"{""activation"": ""relu"", ""batch_size"": 16, ""data_augmentation"": false, ""dr_f"": 0.420939091087, ""learning_rate"": 0.000982423718, ""new_fc_1"": 11, ""new_fc_10"": 11, ""new_fc_2"": 1, ""new_fc_3"": 12, ""new_fc_4"": 3, ""new_fc_5"": 19, ""new_fc_6"": 13, ""new_fc_7"": 29, ""new_fc_8"": 28, ""new_fc_9"": 7, ""num_neurons"": 4, ""optimizer"": ""Adam"", ""reg_l2"": true, ""skip_connection"": false, ""unit_c1"": 4, ""unit_c2"": 6}"
49,-0.36234668029206274,-0.7554759100857695,924.611,"{""activation"": ""selu"", ""batch_size"": 32, ""data_augmentation"": true, ""dr_f"": 0.430981350685, ""learning_rate"": 0.000743501772, ""new_fc_1"": 32, ""new_fc_10"": 19, ""new_fc_2"": 9, ""new_fc_3"": 32, ""new_fc_4"": 22, ""new_fc_5"": 10, ""new_fc_6"": 23, ""new_fc_7"": 23, ""new_fc_8"": 6, ""new_fc_9"": 20, ""num_neurons"": 4, ""optimizer"": ""SGD"", ""reg_l2"": true, ""skip_connection"": false, ""unit_c1"": 4, ""unit_c2"": 3}"
50,-0.3624641450430813,-0.7554759100857695,1312.897,"{""activation"": ""swish"", ""batch_size"": 16, ""data_augmentation"": false, ""dr_f"": 0.495453264428, ""learning_rate"": 0.000764237625, ""new_fc_1"": 3, ""new_fc_10"": 20, ""new_fc_2"": 11, ""new_fc_3"": 24, ""new_fc_4"": 9, ""new_fc_5"": 21, ""new_fc_6"": 6, ""new_fc_7"": 23, ""new_fc_8"": 1, ""new_fc_9"": 31, ""num_neurons"": 4, ""optimizer"": ""Adadelta"", ""reg_l2"": false, ""skip_connection"": false, ""unit_c1"": 3, ""unit_c2"": 1}"
51,-0.3607770410430813,-0.7554759100857695,1520.3379,"{""activation"": ""elu"", ""batch_size"": 32, ""data_augmentation"": true, ""dr_f"": 0.383747380569, ""learning_rate"": 0.000493924634, ""new_fc_1"": 31, ""new_fc_10"": 7, ""new_fc_2"": 2, ""new_fc_3"": 19, ""new_fc_4"": 13, ""new_fc_5"": 27, ""new_fc_6"": 3, ""new_fc_7"": 14, ""new_fc_8"": 16, ""new_fc_9"": 23, ""num_neurons"": 4, ""optimizer"": ""Adam"", ""reg_l2"": true, ""skip_connection"": false, ""unit_c1"": 2, ""unit_c2"": 5}"
52,-0.35561517704308127,-0.7554759100857695,1728.5084,"{""activation"": ""swish"", ""batch_size"": 32, ""data_augmentation"": false, ""dr_f"": 0.086618723679, ""learning_rate"": 0.000950204696, ""new_fc_1"": 2, ""new_fc_10"": 24, ""new_fc_2"": 15, ""new_fc_3"": 13, ""new_fc_4"": 6, ""new_fc_5"": 25, ""new_fc_6"": 30, ""new_fc_7"": 23, ""new_fc_8"": 18, ""new_fc_9"": 0, ""num_neurons"": 8, ""optimizer"": ""Adam"", ""reg_l2"": true, ""skip_connection"": true, ""unit_c1"": 2, ""unit_c2"": 1}"
53,-0.4915266253460082,-0.7554759100857695,2235.954,"{""activation"": ""elu"", ""batch_size"": 32, ""data_augmentation"": false, ""dr_f"": 0.185796417988, ""learning_rate"": 0.000956137752, ""new_fc_1"": 30, ""new_fc_10"": 7, ""new_fc_2"": 1, ""new_fc_3"": 15, ""new_fc_4"": 20, ""new_fc_5"": 29, ""new_fc_6"": 0, ""new_fc_7"": 13, ""new_fc_8"": 15, ""new_fc_9"": 8, ""num_neurons"": 8, ""optimizer"": ""Adam"", ""reg_l2"": true, ""skip_connection"": false, ""unit_c1"": 2, ""unit_c2"": 7}"
54,-0.7365382923500824,-0.7554759100857695,2803.2805,"{""activation"": ""selu"", ""batch_size"": 32, ""data_augmentation"": false, ""dr_f"": 0.031179124176, ""learning_rate"": 0.000635427775, ""new_fc_1"": 4, ""new_fc_10"": 16, ""new_fc_2"": 5, ""new_fc_3"": 24, ""new_fc_4"": 10, ""new_fc_5"": 21, ""new_fc_6"": 13, ""new_fc_7"": 8, ""new_fc_8"": 19, ""new_fc_9"": 15, ""num_neurons"": 8, ""optimizer"": ""SGD"", ""reg_l2"": true, ""skip_connection"": false, ""unit_c1"": 2, ""unit_c2"": 6}"
55,-0.3201228730430813,-0.7554759100857695,3192.1862,"{""activation"": ""swish"", ""batch_size"": 16, ""data_augmentation"": false, ""dr_f"": 0.338341182792, ""learning_rate"": 0.000722216312, ""new_fc_1"": 14, ""new_fc_10"": 4, ""new_fc_2"": 12, ""new_fc_3"": 15, ""new_fc_4"": 21, ""new_fc_5"": 32, ""new_fc_6"": 1, ""new_fc_7"": 28, ""new_fc_8"": 15, ""new_fc_9"": 13, ""num_neurons"": 8, ""optimizer"": ""Adam"", ""reg_l2"": true, ""skip_connection"": false, ""unit_c1"": 4, ""unit_c2"": 2}"
56,-0.5401003000054321,-0.7554759100857695,3580.1281,"{""activation"": ""selu"", ""batch_size"": 64, ""data_augmentation"": true, ""dr_f"": 0.298423501697, ""learning_rate"": 0.000483728797, ""new_fc_1"": 13, ""new_fc_10"": 32, ""new_fc_2"": 17, ""new_fc_3"": 28, ""new_fc_4"": 6, ""new_fc_5"": 23, ""new_fc_6"": 5, ""new_fc_7"": 19, ""new_fc_8"": 9, ""new_fc_9"": 21, ""num_neurons"": 8, ""optimizer"": ""SGD"", ""reg_l2"": true, ""skip_connection"": false, ""unit_c1"": 2, ""unit_c2"": 4}"
57,10000000000.0,-0.7554759100857695,3584.8588,"{""activation"": ""relu"", ""batch_size"": 32, ""data_augmentation"": false, ""dr_f"": 0.4915219122, ""learning_rate"": 0.000982338499, ""new_fc_1"": 8, ""new_fc_10"": 28, ""new_fc_2"": 16, ""new_fc_3"": 13, ""new_fc_4"": 32, ""new_fc_5"": 19, ""new_fc_6"": 2, ""new_fc_7"": 19, ""new_fc_8"": 2, ""new_fc_9"": 5, ""num_neurons"": 16, ""optimizer"": ""Adam"", ""reg_l2"": true, ""skip_connection"": false, ""unit_c1"": 3, ""unit_c2"": 8}"
58,-0.36667026504308126,-0.7554759100857695,3973.0611,"{""activation"": ""relu"", ""batch_size"": 16, ""data_augmentation"": false, ""dr_f"": 0.15422401498, ""learning_rate"": 0.000140512114, ""new_fc_1"": 19, ""new_fc_10"": 0, ""new_fc_2"": 26, ""new_fc_3"": 1, ""new_fc_4"": 21, ""new_fc_5"": 25, ""new_fc_6"": 7, ""new_fc_7"": 25, ""new_fc_8"": 16, ""new_fc_9"": 6, ""num_neurons"": 4, ""optimizer"": ""Adam"", ""reg_l2"": true, ""skip_connection"": true, ""unit_c1"": 1, ""unit_c2"": 3}"
59,-0.4692788889346008,-0.7554759100857695,4240.1519,"{""activation"": ""selu"", ""batch_size"": 32, ""data_augmentation"": false, ""dr_f"": 0.398104720176, ""learning_rate"": 0.000636276893, ""new_fc_1"": 31, ""new_fc_10"": 23, ""new_fc_2"": 0, ""new_fc_3"": 27, ""new_fc_4"": 6, ""new_fc_5"": 28, ""new_fc_6"": 18, ""new_fc_7"": 18, ""new_fc_8"": 19, ""new_fc_9"": 14, ""num_neurons"": 4, ""optimizer"": ""Adagrad"", ""reg_l2"": false, ""skip_connection"": false, ""unit_c1"": 1, ""unit_c2"": 6}"
60,-0.3599092890430813,-0.7554759100857695,4448.3764,"{""activation"": ""swish"", ""batch_size"": 32, ""data_augmentation"": true, ""dr_f"": 0.374593535223, ""learning_rate"": 0.000412086071, ""new_fc_1"": 18, ""new_fc_10"": 27, ""new_fc_2"": 28, ""new_fc_3"": 5, ""new_fc_4"": 2, ""new_fc_5"": 31, ""new_fc_6"": 15, ""new_fc_7"": 32, ""new_fc_8"": 1, ""new_fc_9"": 25, ""num_neurons"": 4, ""optimizer"": ""Adam"", ""reg_l2"": true, ""skip_connection"": true, ""unit_c1"": 3, ""unit_c2"": 3}"
61,-0.7088011994768066,-0.7554759100857695,4956.0045,"{""activation"": ""selu"", ""batch_size"": 32, ""data_augmentation"": false, ""dr_f"": 0.046674817447, ""learning_rate"": 0.000366102438, ""new_fc_1"": 20, ""new_fc_10"": 25, ""new_fc_2"": 3, ""new_fc_3"": 32, ""new_fc_4"": 7, ""new_fc_5"": 28, ""new_fc_6"": 6, ""new_fc_7"": 0, ""new_fc_8"": 4, ""new_fc_9"": 12, ""num_neurons"": 8, ""optimizer"": ""SGD"", ""reg_l2"": true, ""skip_connection"": false, ""unit_c1"": 1, ""unit_c2"": 1}"
62,-0.5631394398105927,-0.7554759100857695,5944.431,"{""activation"": ""selu"", ""batch_size"": 16, ""data_augmentation"": true, ""dr_f"": 0.075732814385, ""learning_rate"": 0.000211990898, ""new_fc_1"": 23, ""new_fc_10"": 32, ""new_fc_2"": 26, ""new_fc_3"": 19, ""new_fc_4"": 7, ""new_fc_5"": 23, ""new_fc_6"": 11, ""new_fc_7"": 32, ""new_fc_8"": 13, ""new_fc_9"": 20, ""num_neurons"": 4, ""optimizer"": ""Adagrad"", ""reg_l2"": true, ""skip_connection"": false, ""unit_c1"": 1, ""unit_c2"": 1}"
63,-0.44559570411682503,-0.7554759100857695,6571.9338,"{""activation"": ""elu"", ""batch_size"": 16, ""data_augmentation"": false, ""dr_f"": 0.316276843482, ""learning_rate"": 0.000951924814, ""new_fc_1"": 8, ""new_fc_10"": 28, ""new_fc_2"": 7, ""new_fc_3"": 25, ""new_fc_4"": 11, ""new_fc_5"": 32, ""new_fc_6"": 6, ""new_fc_7"": 15, ""new_fc_8"": 25, ""new_fc_9"": 24, ""num_neurons"": 8, ""optimizer"": ""Adam"", ""reg_l2"": true, ""skip_connection"": false, ""unit_c1"": 1, ""unit_c2"": 2}"
64,-0.4276592128624115,-0.7554759100857695,8159.1919,"{""activation"": ""elu"", ""batch_size"": 8, ""data_augmentation"": false, ""dr_f"": 0.451464917035, ""learning_rate"": 0.000134197638, ""new_fc_1"": 24, ""new_fc_10"": 30, ""new_fc_2"": 28, ""new_fc_3"": 27, ""new_fc_4"": 2, ""new_fc_5"": 1, ""new_fc_6"": 15, ""new_fc_7"": 32, ""new_fc_8"": 6, ""new_fc_9"": 22, ""num_neurons"": 4, ""optimizer"": ""SGD"", ""reg_l2"": false, ""skip_connection"": true, ""unit_c1"": 4, ""unit_c2"": 2}"
65,-0.3354735610430813,-0.7554759100857695,8846.73,"{""activation"": ""relu"", ""batch_size"": 8, ""data_augmentation"": false, ""dr_f"": 0.194497141322, ""learning_rate"": 0.000250408747, ""new_fc_1"": 24, ""new_fc_10"": 8, ""new_fc_2"": 1, ""new_fc_3"": 26, ""new_fc_4"": 18, ""new_fc_5"": 25, ""new_fc_6"": 32, ""new_fc_7"": 3, ""new_fc_8"": 1, ""new_fc_9"": 29, ""num_neurons"": 8, ""optimizer"": ""Adam"", ""reg_l2"": true, ""skip_connection"": false, ""unit_c1"": 2, ""unit_c2"": 5}"
66,-0.4364530088678436,-0.7554759100857695,9776.5115,"{""activation"": ""elu"", ""batch_size"": 16, ""data_augmentation"": false, ""dr_f"": 0.326054264426, ""learning_rate"": 0.00034472483, ""new_fc_1"": 9, ""new_fc_10"": 32, ""new_fc_2"": 15, ""new_fc_3"": 11, ""new_fc_4"": 16, ""new_fc_5"": 8, ""new_fc_6"": 31, ""new_fc_7"": 17, ""new_fc_8"": 23, ""new_fc_9"": 7, ""num_neurons"": 4, ""optimizer"": ""SGD"", ""reg_l2"": true, ""skip_connection"": false, ""unit_c1"": 3, ""unit_c2"": 3}"
67,-0.3665944250430813,-0.7554759100857695,10105.5735,"{""activation"": ""relu"", ""batch_size"": 16, ""data_augmentation"": false, ""dr_f"": 0.432229055084, ""learning_rate"": 0.000610437349, ""new_fc_1"": 24, ""new_fc_10"": 3, ""new_fc_2"": 17, ""new_fc_3"": 10, ""new_fc_4"": 4, ""new_fc_5"": 26, ""new_fc_6"": 5, ""new_fc_7"": 10, ""new_fc_8"": 28, ""new_fc_9"": 31, ""num_neurons"": 4, ""optimizer"": ""SGD"", ""reg_l2"": true, ""skip_connection"": true, ""unit_c1"": 1, ""unit_c2"": 3}"
68,-0.7301163955272674,-0.7554759100857695,11994.431,"{""activation"": ""elu"", ""batch_size"": 8, ""data_augmentation"": false, ""dr_f"": 0.108952982472, ""learning_rate"": 0.000193897353, ""new_fc_1"": 22, ""new_fc_10"": 8, ""new_fc_2"": 31, ""new_fc_3"": 24, ""new_fc_4"": 2, ""new_fc_5"": 27, ""new_fc_6"": 8, ""new_fc_7"": 3, ""new_fc_8"": 4, ""new_fc_9"": 12, ""num_neurons"": 4, ""optimizer"": ""Adam"", ""reg_l2"": false, ""skip_connection"": false, ""unit_c1"": 1, ""unit_c2"": 1}"
69,-0.38146111436988067,-0.7554759100857695,12263.6009,"{""activation"": ""swish"", ""batch_size"": 32, ""data_augmentation"": true, ""dr_f"": 0.04837945087, ""learning_rate"": 0.000699071444, ""new_fc_1"": 22, ""new_fc_10"": 19, ""new_fc_2"": 0, ""new_fc_3"": 32, ""new_fc_4"": 20, ""new_fc_5"": 23, ""new_fc_6"": 26, ""new_fc_7"": 31, ""new_fc_8"": 19, ""new_fc_9"": 18, ""num_neurons"": 4, ""optimizer"": ""Adadelta"", ""reg_l2"": true, ""skip_connection"": false, ""unit_c1"": 2, ""unit_c2"": 3}"
70,-0.3568601360667572,-0.7554759100857695,12532.5095,"{""activation"": ""relu"", ""batch_size"": 32, ""data_augmentation"": false, ""dr_f"": 0.342110921775, ""learning_rate"": 0.000335268421, ""new_fc_1"": 10, ""new_fc_10"": 3, ""new_fc_2"": 9, ""new_fc_3"": 32, ""new_fc_4"": 3, ""new_fc_5"": 24, ""new_fc_6"": 21, ""new_fc_7"": 4, ""new_fc_8"": 27, ""new_fc_9"": 11, ""num_neurons"": 16, ""optimizer"": ""Adadelta"", ""reg_l2"": false, ""skip_connection"": false, ""unit_c1"": 1, ""unit_c2"": 1}"
71,-0.39662860415563583,-0.7554759100857695,12742.4679,"{""activation"": ""elu"", ""batch_size"": 64, ""data_augmentation"": true, ""dr_f"": 0.097101455677, ""learning_rate"": 0.000238316528, ""new_fc_1"": 29, ""new_fc_10"": 14, ""new_fc_2"": 2, ""new_fc_3"": 28, ""new_fc_4"": 3, ""new_fc_5"": 23, ""new_fc_6"": 28, ""new_fc_7"": 17, ""new_fc_8"": 16, ""new_fc_9"": 2, ""num_neurons"": 4, ""optimizer"": ""SGD"", ""reg_l2"": true, ""skip_connection"": false, ""unit_c1"": 3, ""unit_c2"": 4}"
72,-0.7044924695299835,-0.7554759100857695,510.2438,"{""activation"": ""selu"", ""batch_size"": 32, ""data_augmentation"": true, ""dr_f"": 0.072968336154, ""learning_rate"": 0.000663113721, ""new_fc_1"": 24, ""new_fc_10"": 0, ""new_fc_2"": 15, ""new_fc_3"": 28, ""new_fc_4"": 18, ""new_fc_5"": 22, ""new_fc_6"": 18, ""new_fc_7"": 24, ""new_fc_8"": 15, ""new_fc_9"": 8, ""num_neurons"": 4, ""optimizer"": ""SGD"", ""reg_l2"": false, ""skip_connection"": false, ""unit_c1"": 3, ""unit_c2"": 1}"
73,-0.3543504890430813,-0.7554759100857695,1199.9775,"{""activation"": ""swish"", ""batch_size"": 8, ""data_augmentation"": false, ""dr_f"": 0.105717010931, ""learning_rate"": 0.000996411505, ""new_fc_1"": 25, ""new_fc_10"": 26, ""new_fc_2"": 7, ""new_fc_3"": 18, ""new_fc_4"": 21, ""new_fc_5"": 28, ""new_fc_6"": 32, ""new_fc_7"": 2, ""new_fc_8"": 18, ""new_fc_9"": 9, ""num_neurons"": 4, ""optimizer"": ""SGD"", ""reg_l2"": true, ""skip_connection"": false, ""unit_c1"": 3, ""unit_c2"": 6}"
74,-0.3679910795410442,-0.7554759100857695,1469.3836,"{""activation"": ""swish"", ""batch_size"": 32, ""data_augmentation"": true, ""dr_f"": 0.36192890099, ""learning_rate"": 0.000217469259, ""new_fc_1"": 28, ""new_fc_10"": 9, ""new_fc_2"": 5, ""new_fc_3"": 17, ""new_fc_4"": 26, ""new_fc_5"": 4, ""new_fc_6"": 6, ""new_fc_7"": 9, ""new_fc_8"": 9, ""new_fc_9"": 27, ""num_neurons"": 4, ""optimizer"": ""SGD"", ""reg_l2"": true, ""skip_connection"": true, ""unit_c1"": 2, ""unit_c2"": 8}"
75,-0.5410739684898147,-0.7554759100857695,1978.4095,"{""activation"": ""elu"", ""batch_size"": 32, ""data_augmentation"": false, ""dr_f"": 0.171265026003, ""learning_rate"": 0.000817592017, ""new_fc_1"": 2, ""new_fc_10"": 16, ""new_fc_2"": 5, ""new_fc_3"": 27, ""new_fc_4"": 2, ""new_fc_5"": 12, ""new_fc_6"": 12, ""new_fc_7"": 12, ""new_fc_8"": 0, ""new_fc_9"": 30, ""num_neurons"": 4, ""optimizer"": ""SGD"", ""reg_l2"": false, ""skip_connection"": false, ""unit_c1"": 1, ""unit_c2"": 6}"
76,-0.7072707590871277,-0.7554759100857695,3808.4628,"{""activation"": ""relu"", ""batch_size"": 8, ""data_augmentation"": false, ""dr_f"": 0.054204380511, ""learning_rate"": 0.000253738123, ""new_fc_1"": 13, ""new_fc_10"": 13, ""new_fc_2"": 8, ""new_fc_3"": 30, ""new_fc_4"": 1, ""new_fc_5"": 17, ""new_fc_6"": 4, ""new_fc_7"": 25, ""new_fc_8"": 22, ""new_fc_9"": 11, ""num_neurons"": 4, ""optimizer"": ""Adam"", ""reg_l2"": false, ""skip_connection"": false, ""unit_c1"": 1, ""unit_c2"": 2}"
77,-0.3549261050430813,-0.7554759100857695,4198.9746,"{""activation"": ""swish"", ""batch_size"": 16, ""data_augmentation"": false, ""dr_f"": 0.30664799105, ""learning_rate"": 0.000103904972, ""new_fc_1"": 28, ""new_fc_10"": 0, ""new_fc_2"": 14, ""new_fc_3"": 16, ""new_fc_4"": 15, ""new_fc_5"": 21, ""new_fc_6"": 10, ""new_fc_7"": 24, ""new_fc_8"": 29, ""new_fc_9"": 1, ""num_neurons"": 4, ""optimizer"": ""Adagrad"", ""reg_l2"": true, ""skip_connection"": false, ""unit_c1"": 4, ""unit_c2"": 3}"
78,10000000000.0,-0.7554759100857695,4204.5258,"{""activation"": ""relu"", ""batch_size"": 32, ""data_augmentation"": true, ""dr_f"": 0.096459524482, ""learning_rate"": 0.000241966554, ""new_fc_1"": 1, ""new_fc_10"": 10, ""new_fc_2"": 1, ""new_fc_3"": 18, ""new_fc_4"": 4, ""new_fc_5"": 3, ""new_fc_6"": 27, ""new_fc_7"": 17, ""new_fc_8"": 30, ""new_fc_9"": 21, ""num_neurons"": 16, ""optimizer"": ""SGD"", ""reg_l2"": false, ""skip_connection"": false, ""unit_c1"": 4, ""unit_c2"": 6}"
79,-0.38798663712944026,-0.7554759100857695,4413.7572,"{""activation"": ""swish"", ""batch_size"": 32, ""data_augmentation"": false, ""dr_f"": 0.030147792418, ""learning_rate"": 0.000729192573, ""new_fc_1"": 18, ""new_fc_10"": 12, ""new_fc_2"": 15, ""new_fc_3"": 32, ""new_fc_4"": 30, ""new_fc_5"": 21, ""new_fc_6"": 19, ""new_fc_7"": 5, ""new_fc_8"": 2, ""new_fc_9"": 31, ""num_neurons"": 4, ""optimizer"": ""SGD"", ""reg_l2"": true, ""skip_connection"": true, ""unit_c1"": 2, ""unit_c2"": 1}"
80,-0.44839970411682506,-0.7554759100857695,5043.3889,"{""activation"": ""elu"", ""batch_size"": 16, ""data_augmentation"": false, ""dr_f"": 0.093609712584, ""learning_rate"": 0.000436746463, ""new_fc_1"": 19, ""new_fc_10"": 5, ""new_fc_2"": 2, ""new_fc_3"": 8, ""new_fc_4"": 17, ""new_fc_5"": 15, ""new_fc_6"": 8, ""new_fc_7"": 18, ""new_fc_8"": 5, ""new_fc_9"": 14, ""num_neurons"": 8, ""optimizer"": ""Adam"", ""reg_l2"": true, ""skip_connection"": false, ""unit_c1"": 1, ""unit_c2"": 1}"
81,-0.3452998970430813,-0.7554759100857695,5432.8464,"{""activation"": ""swish"", ""batch_size"": 16, ""data_augmentation"": false, ""dr_f"": 0.283100489566, ""learning_rate"": 0.000429313951, ""new_fc_1"": 32, ""new_fc_10"": 8, ""new_fc_2"": 1, ""new_fc_3"": 17, ""new_fc_4"": 13, ""new_fc_5"": 29, ""new_fc_6"": 28, ""new_fc_7"": 28, ""new_fc_8"": 18, ""new_fc_9"": 25, ""num_neurons"": 8, ""optimizer"": ""SGD"", ""reg_l2"": true, ""skip_connection"": false, ""unit_c1"": 1, ""unit_c2"": 5}"
82,-0.3667108570430813,-0.7554759100857695,5582.32,"{""activation"": ""swish"", ""batch_size"": 64, ""data_augmentation"": false, ""dr_f"": 0.063219456703, ""learning_rate"": 0.000717075909, ""new_fc_1"": 10, ""new_fc_10"": 24, ""new_fc_2"": 28, ""new_fc_3"": 9, ""new_fc_4"": 2, ""new_fc_5"": 21, ""new_fc_6"": 31, ""new_fc_7"": 19, ""new_fc_8"": 1, ""new_fc_9"": 7, ""num_neurons"": 4, ""optimizer"": ""Adam"", ""reg_l2"": true, ""skip_connection"": true, ""unit_c1"": 1, ""unit_c2"": 3}"
83,-0.4000019491403045,-0.7554759100857695,8012.8561,"{""activation"": ""elu"", ""batch_size"": 8, ""data_augmentation"": false, ""dr_f"": 0.031055390343, ""learning_rate"": 0.000215481831, ""new_fc_1"": 32, ""new_fc_10"": 8, ""new_fc_2"": 1, ""new_fc_3"": 12, ""new_fc_4"": 1, ""new_fc_5"": 4, ""new_fc_6"": 5, ""new_fc_7"": 31, ""new_fc_8"": 23, ""new_fc_9"": 16, ""num_neurons"": 16, ""optimizer"": ""Adagrad"", ""reg_l2"": true, ""skip_connection"": true, ""unit_c1"": 4, ""unit_c2"": 3}"
84,-0.786820641613037,-0.786820641613037,9062.0468,"{""activation"": ""swish"", ""batch_size"": 16, ""data_augmentation"": false, ""dr_f"": 0.481858063463, ""learning_rate"": 0.000166178097, ""new_fc_1"": 20, ""new_fc_10"": 32, ""new_fc_2"": 0, ""new_fc_3"": 24, ""new_fc_4"": 13, ""new_fc_5"": 18, ""new_fc_6"": 7, ""new_fc_7"": 14, ""new_fc_8"": 17, ""new_fc_9"": 0, ""num_neurons"": 8, ""optimizer"": ""Adam"", ""reg_l2"": false, ""skip_connection"": false, ""unit_c1"": 2, ""unit_c2"": 1}"
85,-0.3667263901975555,-0.786820641613037,9270.9287,"{""activation"": ""relu"", ""batch_size"": 32, ""data_augmentation"": false, ""dr_f"": 0.498573458007, ""learning_rate"": 0.00063053823, ""new_fc_1"": 26, ""new_fc_10"": 26, ""new_fc_2"": 21, ""new_fc_3"": 18, ""new_fc_4"": 6, ""new_fc_5"": 2, ""new_fc_6"": 22, ""new_fc_7"": 4, ""new_fc_8"": 2, ""new_fc_9"": 23, ""num_neurons"": 4, ""optimizer"": ""Adagrad"", ""reg_l2"": false, ""skip_connection"": true, ""unit_c1"": 1, ""unit_c2"": 3}"
86,-0.3443738294131584,-0.786820641613037,10080.6162,"{""activation"": ""elu"", ""batch_size"": 8, ""data_augmentation"": false, ""dr_f"": 0.130571103574, ""learning_rate"": 0.000586863854, ""new_fc_1"": 32, ""new_fc_10"": 19, ""new_fc_2"": 7, ""new_fc_3"": 29, ""new_fc_4"": 30, ""new_fc_5"": 0, ""new_fc_6"": 18, ""new_fc_7"": 17, ""new_fc_8"": 16, ""new_fc_9"": 30, ""num_neurons"": 32, ""optimizer"": ""Adam"", ""reg_l2"": true, ""skip_connection"": false, ""unit_c1"": 1, ""unit_c2"": 1}"
87,-0.3200937690430813,-0.786820641613037,10470.1937,"{""activation"": ""swish"", ""batch_size"": 16, ""data_augmentation"": true, ""dr_f"": 0.413584193182, ""learning_rate"": 0.000991984054, ""new_fc_1"": 24, ""new_fc_10"": 27, ""new_fc_2"": 29, ""new_fc_3"": 25, ""new_fc_4"": 2, ""new_fc_5"": 21, ""new_fc_6"": 8, ""new_fc_7"": 6, ""new_fc_8"": 8, ""new_fc_9"": 26, ""num_neurons"": 8, ""optimizer"": ""SGD"", ""reg_l2"": true, ""skip_connection"": false, ""unit_c1"": 1, ""unit_c2"": 8}"
88,-0.17010603838113783,-0.786820641613037,10859.681,"{""activation"": ""swish"", ""batch_size"": 32, ""data_augmentation"": false, ""dr_f"": 0.119652039906, ""learning_rate"": 0.000373359155, ""new_fc_1"": 30, ""new_fc_10"": 12, ""new_fc_2"": 6, ""new_fc_3"": 26, ""new_fc_4"": 7, ""new_fc_5"": 13, ""new_fc_6"": 7, ""new_fc_7"": 2, ""new_fc_8"": 3, ""new_fc_9"": 19, ""num_neurons"": 16, ""optimizer"": ""SGD"", ""reg_l2"": true, ""skip_connection"": true, ""unit_c1"": 2, ""unit_c2"": 7}"
89,-0.39863175547137447,-0.786820641613037,11308.6438,"{""activation"": ""relu"", ""batch_size"": 16, ""data_augmentation"": false, ""dr_f"": 0.151618831527, ""learning_rate"": 0.000333085926, ""new_fc_1"": 10, ""new_fc_10"": 1, ""new_fc_2"": 30, ""new_fc_3"": 24, ""new_fc_4"": 3, ""new_fc_5"": 20, ""new_fc_6"": 0, ""new_fc_7"": 27, ""new_fc_8"": 0, ""new_fc_9"": 15, ""num_neurons"": 4, ""optimizer"": ""SGD"", ""reg_l2"": true, ""skip_connection"": true, ""unit_c1"": 1, ""unit_c2"": 4}"
90,-0.7505729475940246,-0.786820641613037,11938.7535,"{""activation"": ""swish"", ""batch_size"": 16, ""data_augmentation"": false, ""dr_f"": 0.093580471944, ""learning_rate"": 0.000328172243, ""new_fc_1"": 17, ""new_fc_10"": 21, ""new_fc_2"": 20, ""new_fc_3"": 23, ""new_fc_4"": 15, ""new_fc_5"": 30, ""new_fc_6"": 2, ""new_fc_7"": 16, ""new_fc_8"": 32, ""new_fc_9"": 6, ""num_neurons"": 4, ""optimizer"": ""Adam"", ""reg_l2"": false, ""skip_connection"": false, ""unit_c1"": 1, ""unit_c2"": 8}"
91,-0.376679897693964,-0.786820641613037,12087.6849,"{""activation"": ""relu"", ""batch_size"": 64, ""data_augmentation"": false, ""dr_f"": 0.17571541943, ""learning_rate"": 0.000835408995, ""new_fc_1"": 19, ""new_fc_10"": 30, ""new_fc_2"": 2, ""new_fc_3"": 10, ""new_fc_4"": 11, ""new_fc_5"": 11, ""new_fc_6"": 7, ""new_fc_7"": 21, ""new_fc_8"": 19, ""new_fc_9"": 14, ""num_neurons"": 4, ""optimizer"": ""Adagrad"", ""reg_l2"": true, ""skip_connection"": false, ""unit_c1"": 1, ""unit_c2"": 4}"
92,-0.4992640843392181,-0.786820641613037,12716.7458,"{""activation"": ""elu"", ""batch_size"": 32, ""data_augmentation"": false, ""dr_f"": 0.331002668863, ""learning_rate"": 0.000812572022, ""new_fc_1"": 25, ""new_fc_10"": 21, ""new_fc_2"": 10, ""new_fc_3"": 16, ""new_fc_4"": 4, ""new_fc_5"": 12, ""new_fc_6"": 19, ""new_fc_7"": 17, ""new_fc_8"": 13, ""new_fc_9"": 12, ""num_neurons"": 4, ""optimizer"": ""Adam"", ""reg_l2"": true, ""skip_connection"": true, ""unit_c1"": 2, ""unit_c2"": 3}"
93,-0.3558581450430813,-0.786820641613037,12866.3469,"{""activation"": ""swish"", ""batch_size"": 64, ""data_augmentation"": true, ""dr_f"": 0.494892215393, ""learning_rate"": 0.000451570399, ""new_fc_1"": 32, ""new_fc_10"": 16, ""new_fc_2"": 3, ""new_fc_3"": 28, ""new_fc_4"": 3, ""new_fc_5"": 32, ""new_fc_6"": 2, ""new_fc_7"": 15, ""new_fc_8"": 27, ""new_fc_9"": 9, ""num_neurons"": 4, ""optimizer"": ""Adam"", ""reg_l2"": true, ""skip_connection"": true, ""unit_c1"": 2, ""unit_c2"": 7}"
94,-0.43258623144925307,-0.786820641613037,13855.1963,"{""activation"": ""elu"", ""batch_size"": 8, ""data_augmentation"": false, ""dr_f"": 0.354387069114, ""learning_rate"": 0.000399481915, ""new_fc_1"": 28, ""new_fc_10"": 0, ""new_fc_2"": 16, ""new_fc_3"": 11, ""new_fc_4"": 11, ""new_fc_5"": 13, ""new_fc_6"": 17, ""new_fc_7"": 22, ""new_fc_8"": 30, ""new_fc_9"": 12, ""num_neurons"": 4, ""optimizer"": ""SGD"", ""reg_l2"": true, ""skip_connection"": false, ""unit_c1"": 1, ""unit_c2"": 8}"
95,-0.36697060689850614,-0.786820641613037,14065.3545,"{""activation"": ""swish"", ""batch_size"": 32, ""data_augmentation"": true, ""dr_f"": 0.314269431441, ""learning_rate"": 0.000106828544, ""new_fc_1"": 28, ""new_fc_10"": 11, ""new_fc_2"": 17, ""new_fc_3"": 8, ""new_fc_4"": 14, ""new_fc_5"": 0, ""new_fc_6"": 15, ""new_fc_7"": 14, ""new_fc_8"": 17, ""new_fc_9"": 19, ""num_neurons"": 4, ""optimizer"": ""Adagrad"", ""reg_l2"": true, ""skip_connection"": true, ""unit_c1"": 2, ""unit_c2"": 2}"
96,-0.6987344994713744,-0.786820641613037,16074.8611,"{""activation"": ""swish"", ""batch_size"": 8, ""data_augmentation"": false, ""dr_f"": 0.421262236331, ""learning_rate"": 0.000809478287, ""new_fc_1"": 28, ""new_fc_10"": 18, ""new_fc_2"": 8, ""new_fc_3"": 9, ""new_fc_4"": 15, ""new_fc_5"": 30, ""new_fc_6"": 14, ""new_fc_7"": 18, ""new_fc_8"": 19, ""new_fc_9"": 16, ""num_neurons"": 4, ""optimizer"": ""Adam"", ""reg_l2"": false, ""skip_connection"": true, ""unit_c1"": 1, ""unit_c2"": 7}"
